<?xml version="1.0" encoding="UTF-8"?>
<project-private xmlns="http://www.netbeans.org/ns/project-private/1">
    <editor-bookmarks xmlns="http://www.netbeans.org/ns/editor-bookmarks/2" lastBookmarkId="1">
        <file>
            <url>src/rainbopreschool/studentForm.java</url>
            <bookmark id="1">
                <name/>
                <line>364</line>
                <key/>
            </bookmark>
        </file>
    </editor-bookmarks>
    <open-files xmlns="http://www.netbeans.org/ns/projectui-open-files/2">
        <group>
            <file>file:/C:/Users/ss/Documents/NetBeansProjects/rainbopreschool/src/rainbopreschool/ClassForm.java</file>
            <file>file:/C:/Users/ss/Documents/NetBeansProjects/rainbopreschool/src/rainbopreschool/Rainbopreschool.java</file>
            <file>file:/C:/Users/ss/Documents/NetBeansProjects/rainbopreschool/src/rainbopreschool/EnterForm.java</file>
            <file>file:/C:/Users/ss/Documents/NetBeansProjects/rainbopreschool/src/rainbopreschool/TeacherForm.java</file>
        </group>
    </open-files>
</project-private>
